{
    "name": "Ethan Bonsall Web",
    "dockerFile": "Dockerfile",
    
    // Forward ports
    "forwardPorts": [4260],

    "customizations": {
        "vscode": {
            "extensions": [
                "dbaeumer.vscode-eslint",
                "esbenp.prettier-vscode",
                "bradlc.vscode-tailwindcss",
                "austenc.tailwind-docs"
            ],
            "settings": {
                "editor.formatOnSave": true,
                "editor.formatOnSaveMode": "file",
                "[typescript]": {
                    "editor.defaultFormatter": "vscode.typescript-language-features"
                }
            }
        }
    }
  
  }